Date,Actual,Prophet_Trend,GRU_Residual,Hybrid_Prediction,Hybrid_Prediction_Weighted
2020-11-06,0.46345998884274464,0.5155418901037592,-0.043235466,0.4723064242195505,0.4766299700629133
2020-11-09,0.48298518564433146,0.5171261144773418,-0.04908144,0.4680446734623367,0.47295281793636623
2020-11-10,0.4896175540816958,0.517654189268536,-0.04200135,0.4756528375544018,0.47985297198075716
2020-11-11,0.49017541684745547,0.5181822640597302,-0.03420814,0.48397412279243057,0.4873949376642186
2020-11-12,0.48812992003967015,0.5187103388509244,-0.031083593,0.4876267457059116,0.4907351055792064
2020-11-13,0.48199342961631436,0.5192384136421186,-0.03161187,0.48762654266781635,0.4907877308828337
2020-11-16,0.4894935845781937,0.5208226380157013,-0.035848346,0.48497429240818213,0.48855912808652113
2020-11-17,0.49005144734395334,0.5213507128068957,-0.034645986,0.48670472699494693,0.49016932706625793
2020-11-18,0.49246885266224505,0.5218787875980899,-0.03358474,0.4882940475852058,0.4916525215864942
2020-11-19,0.4919729746482365,0.5224068623892839,-0.032218225,0.49018863708897187,0.4934104599915321
2020-11-20,0.49451434947003037,0.5229349371804783,-0.032174412,0.4907605250193665,0.49397796698053575
2020-11-23,0.5001549618793777,0.524519161554061,-0.0311463,0.49337286246009926,0.49648749385961155
2020-11-24,0.5116221409533255,0.5250472363452552,-0.028291168,0.4967560686539052,0.4995851863543628
2020-11-25,0.516580921093411,0.5255753111364494,-0.020700477,0.5048748340727935,0.5069448828967462
2020-11-27,0.5154651955618917,0.5266314607188378,-0.014540057,0.5120914040208135,0.5135454099700127
2020-11-30,0.5142874852786214,0.5282156850924205,-0.013351058,0.5148646274363111,0.5161997332950543
2020-12-01,0.5093906898902869,0.5287437598836149,-0.0148311285,0.5139126313534106,0.5153957448583568
2020-12-02,0.5139155767681151,0.5292718346748089,-0.018716298,0.510555536631081,0.5124271671805118
2020-12-03,0.5161470278311535,0.5297999094660033,-0.018354857,0.5114450521255482,0.5132805380458583
2020-12-04,0.5199900824397198,0.5303279842571975,-0.01684044,0.5134875449673892,0.5151715894551636
2020-12-07,0.5168908448521663,0.5319122086307801,-0.014315208,0.5175970002106227,0.519028521238903
2020-12-08,0.5158990888241493,0.5324402834219744,-0.01580529,0.51663499427269,0.5182155231876184
2020-12-09,0.5154032108101407,0.5329683582131686,-0.017696941,0.5152714169417443,0.5170411123727383
2020-12-10,0.5232132895307754,0.5334964330043628,-0.01905089,0.5144455424245431,0.5163506316687896
2020-12-11,0.521911609744003,0.534024507795557,-0.0154575035,0.5185670042979564,0.520112754833981
2020-12-14,0.5245149693175478,0.5356087321691396,-0.014519029,0.521089702872205,0.5225416058950307
2020-12-15,0.5284200086778652,0.5361368069603341,-0.013876318,0.522260488960077,0.5236481214120285
2020-12-16,0.5296597037128866,0.536664881751528,-0.011635038,0.5250298436811474,0.5261933477675822
2020-12-17,0.5330068803074444,0.5371929565427225,-0.010120494,0.5270724622515361,0.5280845118669193
2020-12-18,0.5375937519370234,0.5377210313339167,-0.007972329,0.529748702410274,0.5305459354889028
2020-12-21,0.5291638256988781,0.5393052557074993,-0.0046677096,0.5346375461259454,0.5351043170841008
2020-12-22,0.5247009235728011,0.5398333304986935,-0.008830129,0.5310032013297659,0.5318862143397909
2020-12-23,0.5315192462654187,0.5403614052898877,-0.014186699,0.5261747063465112,0.5275933769859069
2020-12-24,0.5322010785346805,0.540889480081082,-0.012907057,0.52798242301184,0.5292731289981609
2020-12-28,0.5284200086778652,0.543001779245859,-0.011679354,0.5313224251220878,0.5324903604413327
2020-12-29,0.5307754292444058,0.5435298540370532,-0.014637024,0.5288928298952051,0.5303565327750512
2020-12-30,0.5332548193144486,0.5440579288282472,-0.015240363,0.528817565982886,0.5303416027330834
2020-12-31,0.5339986363354614,0.5445860036194416,-0.014079553,0.5305064505443069,0.5319144063174817
2021-01-04,0.5284200086778652,0.5466983027842185,-0.013349842,0.533348460504069,0.5346834452908775
2021-01-05,0.5427384863323622,0.5472263775754127,-0.017445996,0.5297803811717186,0.531524981184617
2021-01-06,0.5470774189549371,0.5477544523666069,-0.011790396,0.5359640566522643,0.5371430961305663
2021-01-07,0.5483171139899584,0.5482825271578011,-0.0062119933,0.5420705338732776,0.5426917334811268
2021-01-08,0.5570569639868592,0.5488106019489956,-0.0036233035,0.5451872984573733,0.5455496288065356
2021-01-11,0.5571189487386102,0.5503948263225782,0.0019368791,0.5523317054480019,0.5521380174772519
2021-01-12,0.5630694849067129,0.5509229011137724,0.0037920047,0.5547149057735443,0.5543357052144349
2021-01-13,0.5612099423541808,0.5514509759049664,0.0072587254,0.5587097012575517,0.5579838284428964
2021-01-14,0.5653009359697514,0.5519790506961608,0.007597632,0.5595766824710036,0.5588169192935193
2021-01-15,0.557800781007872,0.552507125487355,0.009413802,0.5619209275523103,0.5609795466938889
2021-01-19,0.5616438356164383,0.5546194246521321,0.0058115358,0.5604309604054418,0.5598498067369786
2021-01-20,0.5632554391619661,0.5551474994433261,0.0046618683,0.559809367769692,0.5593431807507909
2021-01-21,0.5625736068927044,0.5556755742345203,0.005091627,0.5607672013629426,0.5602580384638358
2021-01-22,0.5572429182421124,0.5562036490257147,0.004647124,0.5608507731187407,0.5603860603834752
2021-01-25,0.5603421558296658,0.5577878733992974,0.0010170863,0.5588049597235794,0.5587032510911512
2021-01-26,0.5593503998016488,0.5583159481904916,3.3039174e-05,0.5583489873645051,0.55834568344674
2021-01-27,0.5608380338436744,0.5588440229816858,-0.0009501283,0.5578938946759824,0.5579889075065527
2021-01-28,0.5576768115043699,0.55937209777288,-0.000891403,0.5584806947688186,0.558569835086687
2021-01-29,0.556809024979855,0.5599001725640742,-0.0028486904,0.5570514821883885,0.557336351179391
2021-02-01,0.5651769664662493,0.5614843969376568,-0.0046814065,0.556802990394998,0.5572711313286607
2021-02-02,0.5726771214281287,0.562012471728851,-0.0015440416,0.5604684301697509,0.560622834372227
2021-02-03,0.5784417033409781,0.5625405465200453,0.004237806,0.5667783524788825,0.5663545718364327
2021-02-04,0.5817888799355357,0.5630686213112395,0.009864169,0.5729327904841821,0.5719463736600201
2021-02-05,0.5856319345441021,0.5635966961024339,0.013857283,0.5774539788005884,0.5760682499719794
2021-02-08,0.5925742267402219,0.5651809204760165,0.0173421,0.5825230203959317,0.5807888102176757
2021-02-09,0.5949916320585136,0.5657089952672105,0.021883888,0.5875928834373336,0.5854044933164697
2021-02-10,0.5969751441145478,0.566237070058405,0.024997417,0.591234486942112,0.5887347445086832
2021-02-11,0.5942478150375008,0.5667651448495992,0.026989764,0.5937549084522136,0.5910559319056876
2021-02-12,0.6018719395028822,0.5672932196407934,0.025893629,0.5931868482380529,0.5905974846332689
2021-02-16,0.6054670551044442,0.5694055188055702,0.029175628,0.5985811467822262,0.5956635832395025
2021-02-17,0.6122233930453108,0.5699335935967644,0.031856973,0.6017905663209637,0.5986048675584277
2021-02-18,0.6083803384367445,0.5704616683879589,0.03639905,0.6068607199350093,0.6032208132901882
2021-02-19,0.6004462902126076,0.5709897431791531,0.036039412,0.60702915520079,0.6034252125085102
2021-02-22,0.6143928593565983,0.5725739675527357,0.030569328,0.6031432955479168,0.6000863614445471
2021-02-23,0.6155085848881174,0.5731020423439297,0.03487965,0.6079816932645592,0.6044937263098511
2021-02-24,0.6251162214095332,0.5736301171351241,0.038008805,0.6116389224994945,0.6078380423355865
2021-02-25,0.6270377487138163,0.5741581919263183,0.044226024,0.6183842162261783,0.6139616111884891
2021-02-26,0.6144548441083493,0.5746862667175126,0.048035588,0.6227218548329663,0.6179182941587757
2021-03-01,0.6091241554577573,0.5762704910910954,0.04194801,0.618218500373446,0.6140236968375077
2021-03-02,0.6036075125519121,0.5767985658822894,0.03448985,0.611288417327249,0.607839431810224
2021-03-03,0.6130911795698257,0.5773266406734836,0.027837427,0.6051640680064809,0.6023803243418586
2021-03-04,0.6288972912663484,0.577854715464678,0.030094331,0.6079490465950634,0.6049396136682894
2021-03-05,0.6429058451620902,0.578382790255872,0.04061492,0.6189977118554986,0.6149362178328908
2021-03-08,0.6364594309799788,0.5799670146294549,0.053472918,0.6334399321564153,0.6280926392861321
2021-03-09,0.6300130167978677,0.5804950894206489,0.05452461,0.6350197011023486,0.6295672395616496
2021-03-10,0.6326783611231637,0.5810231642118433,0.04994835,0.6309715138069132,0.6259766781023481
2021-03-11,0.6424719518998325,0.5815512390030375,0.048901055,0.6304522940112105,0.6255621873928061
2021-03-12,0.6399305770780388,0.5820793137942317,0.054116383,0.6361956969891551,0.6307840571795467
2021-03-15,0.6385669125395153,0.5836635381678146,0.055029057,0.6386925951341194,0.6331896894374889
2021-03-16,0.6349098121862021,0.5841916129590086,0.0532123,0.6374039129019788,0.6320826821626238
2021-03-17,0.6336701171511807,0.5847196877502028,0.049884472,0.6346041597925249,0.6296157129608217
2021-03-18,0.6051571313456889,0.5852477625413972,0.04731564,0.6325634010537702,0.6278318353398877
2021-03-19,0.6139589660943408,0.5857758373325912,0.029874008,0.6156498454814998,0.6126624439215509
2021-03-22,0.6147647678671047,0.587360061706174,0.025461439,0.6128215007494575,0.6102753561000711
2021-03-23,0.5912725469534494,0.5878881364973683,0.024585377,0.6124735139223236,0.610014975062241
2021-03-24,0.6124713320523151,0.5884162112885625,0.010666596,0.5990828070604712,0.5980161474832804
2021-03-25,0.596231327093535,0.5889442860797567,0.015162225,0.6041065109611077,0.6025902880073113
2021-03-26,0.6111696522655427,0.5894723608709509,0.009562794,0.5990351549900705,0.5980788757644231
2021-03-29,0.6148267526188558,0.5910565852445337,0.014048203,0.6051047881391618,0.6036999671977732
2021-03-30,0.6085662926919977,0.5915846600357277,0.018379929,0.6099645885798914,0.6081265955392106
2021-03-31,0.5999504121985991,0.592112734826922,0.016198967,0.6083117014790769,0.6066918046275969
2021-04-01,0.614144920349594,0.5926408096181164,0.009540762,0.6021815714390883,0.6012274947913299
2021-04-05,0.5967891898592945,0.5947531087828932,0.014197111,0.608950219912654,0.6075305080546198
2021-04-06,0.6010041529783673,0.5952811835740874,0.006271118,0.6015523014065991,0.600925189297385
2021-04-07,0.6037314820554144,0.5958092583652816,0.003483592,0.5992928504321955,0.5989444910858057
2021-04-08,0.6026777412756461,0.5963373331564759,0.004296741,0.6006340741391574,0.6002043998546247
2021-04-09,0.6009421682266162,0.5968654079476701,0.003946441,0.6008118491733776,0.6004172049576746
2021-04-12,0.6032975887931569,0.5984496323212527,0.0023587213,0.6008083536576025,0.6005724815472506
2021-04-13,0.6062728568772081,0.5989777071124469,0.0020577644,0.6010354715588098,0.6008296950210412
2021-04-14,0.6246823281472758,0.5995057819036413,0.0034811206,0.6029869024732728,0.6026387903930266
2021-04-15,0.6266038554515588,0.6000338566948356,0.01448835,0.6145222063635172,0.6130733711172522
2021-04-16,0.6245583586437736,0.6005619314860295,0.020834958,0.6213968896668147,0.6193133925448846
2021-04-19,0.6261079774375503,0.6021461558596122,0.021513859,0.6236600146696794,0.6215086278573501
2021-04-20,0.6217070600632244,0.6026742306508066,0.021397373,0.6240716033585312,0.6219318655289652
2021-04-21,0.6135250728320832,0.6032023054420008,0.018552754,0.6217550595163359,0.6198997829913153
2021-04-22,0.6140209508460918,0.603730380233195,0.012084298,0.6158146780690219,0.6146062479129102
2021-04-23,0.6184218682204178,0.6042584550243892,0.008928544,0.6131869989124217,0.6122941446167507
2021-04-26,0.6169962189301431,0.6058426793979719,0.010109291,0.6159519708099082,0.6149410415755823
2021-04-27,0.6233806483605032,0.6063707541891661,0.009210986,0.6155817402744022,0.6146606417590108
2021-04-28,0.6290832455216017,0.6068988289803605,0.011902048,0.6188008772328835,0.6176106721282344
2021-04-29,0.6362114919729747,0.6074269037715547,0.016420674,0.6238475773505323,0.622205509433841
2021-04-30,0.6273476724725717,0.6079549785627487,0.022249097,0.6302040755672815,0.6279791645629766
2021-05-03,0.6329882848819189,0.6095392029363313,0.019528046,0.6290672491866747,0.6271144445616403
2021-05-04,0.6404264550920473,0.6100672777275258,0.019854303,0.6299215811769181,0.6279361504594498
2021-05-05,0.6400545465815408,0.61059535251872,0.024389012,0.634984364304108,0.6325454633118337
2021-05-06,0.6343519494204425,0.6111234273099144,0.026098622,0.6372220493190726,0.6346121873044213
2021-05-07,0.6355296597037129,0.6116515021011084,0.022943288,0.6345947901889533,0.6323004602625817
2021-05-10,0.635653629207215,0.613235726474691,0.021555873,0.6347915991087443,0.6326360120316035
2021-05-11,0.6378850802702535,0.6137638012658853,0.020358033,0.6341218347441453,0.6320860306512612
2021-05-12,0.642843860410339,0.6142918760570797,0.02075529,0.635047165179542,0.6329716364535602
2021-05-13,0.6288353065145974,0.6148199508482737,0.023593372,0.6384133225822968,0.6360539844775719
2021-05-14,0.6384429430360131,0.6153480256394679,0.01676846,0.6321164848701293,0.6304396385745341
2021-05-17,0.6440215706936093,0.6169322500130507,0.018035786,0.6349680362394425,0.6331644574305388
2021-05-18,0.6391867600570259,0.617460324804245,0.021801539,0.6392618635696754,0.6370817100656614
2021-05-19,0.6259840079340482,0.6179883995954392,0.02040457,0.6383929694001076,0.6363525124196407
2021-05-20,0.6178640054546581,0.6185164743866334,0.011532481,0.6300489552150974,0.6288957068528542
2021-05-21,0.6273476724725717,0.6190445491778276,0.0021972477,0.621241796874868,0.6210220720353148
2021-05-24,0.6426579061550858,0.6206287735514102,0.0033273122,0.6239560857321826,0.6236233544442562
2021-05-25,0.6427818756585879,0.6211568483426044,0.012605119,0.6337619669078658,0.6325014543994139
2021-05-26,0.6436496621831028,0.6216849231337989,0.016886873,0.6385717963045323,0.6368831082424009
2021-05-27,0.6476166862951713,0.6222129979249928,0.018387929,0.6406009265300725,0.6387621325519774
2021-05-28,0.6443314944523646,0.6227410727161873,0.020912156,0.6436532282251823,0.6415620123017538
2021-06-01,0.6530093596975144,0.6248533718809641,0.019974267,0.6448276389911927,0.6428302109763182
2021-06-02,0.659889667141883,0.6253814466721583,0.022953968,0.6483354151672889,0.6460400179452468
2021-06-03,0.6597656976383809,0.6259095214633525,0.028280633,0.6541901540337385,0.6513620905904354
2021-06-04,0.6647864625302176,0.6264375962545468,0.030309252,0.6567468486954762,0.6537159227063252
2021-06-07,0.6623690572119258,0.6280218206281294,0.033407997,0.6614298179680933,0.6580890167439808
2021-06-08,0.6674518068555134,0.6285498954193238,0.03262346,0.6611733540730123,0.6579110074625854
2021-06-09,0.6668939440897538,0.629077970210518,0.03447808,0.6635560497381345,0.6601082414128439
2021-06-10,0.6689394408975392,0.629606045001712,0.034952197,0.6645582422256138,0.6610630221306946
2021-06-11,0.6727824955061055,0.6301341197929065,0.035807528,0.6659416473946254,0.6623608946344535
2021-06-14,0.6725965412508522,0.6317183441664891,0.0381237,0.6698420449342446,0.6660296722497658
2021-06-15,0.6802826504679849,0.6322464189576833,0.038220543,0.6704669623720376,0.6666449076580732
2021-06-16,0.6804686047232381,0.6327744937488775,0.04211987,0.6748943655738573,0.6706823772737722
2021-06-17,0.6735882972788694,0.6333025685400717,0.043990117,0.6772926851064913,0.6728936723322623
2021-06-18,0.6773073823839335,0.6338306433312659,0.04030186,0.6741325027100806,0.6701023160271411
2021-06-21,0.6898283022376495,0.6354148677048486,0.04005041,0.6754652774390977,0.6714602364656728
2021-06-22,0.6861092171325853,0.635942942496043,0.046622496,0.682565438594323,0.677903189357024
2021-06-23,0.6862331866360875,0.6364710172872372,0.047530852,0.6840018695454426,0.679248782829506
2021-06-24,0.687596851174611,0.6369990920784312,0.04704727,0.684046360677703,0.6793416319551306
2021-06-25,0.6922457075559412,0.6375271668696256,0.04732615,0.6848533181512209,0.6801207019054742
2021-06-28,0.6851794458563193,0.6391113912432083,0.049876723,0.6889881146817096,0.6840004427103885
2021-06-29,0.6856133391185768,0.6396394660344025,0.04621339,0.6858528544773956,0.6812315163781544
2021-06-30,0.6886505919543792,0.6401675408255969,0.04393734,0.6841048812043582,0.6797111471664821
2021-07-01,0.6995599082625674,0.6406956156167909,0.044632245,0.6853278604719564,0.6808646348688527
2021-07-02,0.6991260150003098,0.6412236904079851,0.051104553,0.6923282434518274,0.687217785912269
2021-07-06,0.6880307444368685,0.6433359895727622,0.053803697,0.6971396868011939,0.6917593170783507
2021-07-07,0.6807785284819934,0.6438640643639564,0.047024023,0.6908880871517658,0.6861856830103397
2021-07-08,0.6853654001115724,0.6443921391551504,0.038863968,0.6832561072592744,0.6793697093312749
2021-07-09,0.6954069298952458,0.6449202139463448,0.03766261,0.6825828243579888,0.6788165633168244
2021-07-12,0.6925556313146964,0.6465044383199274,0.04319984,0.6897042792530119,0.6853842947871744
2021-07-13,0.6996838777660694,0.6470325131111216,0.043504357,0.6905368704490733,0.6861864354603362
2021-07-14,0.6865431103948428,0.6475605879023161,0.046852414,0.6944130014672365,0.6897277597382154
2021-07-15,0.6773693671356846,0.6480886626935101,0.04095416,0.6890428241288757,0.6849474076128101
2021-07-16,0.6783611231637017,0.6486167374847043,0.031951763,0.6805685002205479,0.6773733224568474
2021-07-19,0.6449513419698754,0.6502009618582869,0.028188147,0.6783891085090781,0.6755702930989409
2021-07-20,0.6511498171449823,0.6507290366494813,0.00739469,0.6581237267160573,0.6573842575231352
2021-07-21,0.6690014256492902,0.6512571114406753,-0.00031566864,0.6509414427972231,0.6509730096557476
2021-07-22,0.6789809706812123,0.6517851862318698,0.007852681,0.659637867213029,0.6588525988355163
2021-07-23,0.6799727267092295,0.652313261023064,0.017897561,0.6702108222155765,0.6684210660963252
2021-07-26,0.6789809706812123,0.6538974853966466,0.02243629,0.6763337745133868,0.6740901457879773
2021-07-27,0.6773693671356846,0.6544255601878408,0.022536023,0.6769615827764515,0.6747079795862678
2021-07-28,0.6819562387652637,0.654953634979035,0.02113185,0.6760854857580916,0.6739722999351279
2021-07-29,0.6895803632306452,0.6554817097702292,0.022781353,0.6782630632140902,0.6759849271246461
2021-07-30,0.6916258600384305,0.6560097845614234,0.02782683,0.6838366153061668,0.6810539314866344
2021-08-02,0.6749519618173929,0.6575940089350063,0.031090023,0.6886840319310743,0.685575029445203
2021-08-03,0.670613029194818,0.6581220837262005,0.02193189,0.6800539741244644,0.677860783967051
2021-08-04,0.6556747040228104,0.6586501585173945,0.014047617,0.6726977756101231,0.6712930133420567
2021-08-05,0.6615012706874108,0.6591782333085889,0.0022222959,0.6614005291591043,0.6611782995274866
2021-08-06,0.6564805057955743,0.6597063080997831,-0.0003910649,0.659315243189565,0.6593543496864076
2021-08-09,0.6453232504803817,0.6612905324733658,-0.0037512677,0.6575392647943301,0.6579143917484982
2021-08-10,0.6565424905473254,0.66181860726456,-0.012639567,0.6491790400085862,0.6504429974792416
2021-08-11,0.662493026715428,0.6623466820557542,-0.010852132,0.6514945500631757,0.6525797634486981
2021-08-12,0.6615012706874108,0.6628747568469484,-0.005856081,0.6570186759348948,0.6576042841192324
2021-08-13,0.6574722618235913,0.6634028316381428,-0.004462506,0.6589403254817281,0.6593865761439357
2021-08-16,0.6503440153722184,0.6649870560117255,-0.006756271,0.658230785241742,0.6589064122721742
2021-08-17,0.6460050827496435,0.6655151308029197,-0.012888124,0.652627006590297,0.6539158191978238
2021-08-18,0.6390008058017727,0.6660432055941137,-0.018576104,0.6474671014001878,0.6493247118195804
2021-08-19,0.6280295047418335,0.6665712803853081,-0.025182411,0.6413888693106697,0.6439071115357207
2021-08-20,0.619537593751937,0.6670993551765023,-0.03461704,0.6324823148701726,0.6359440203909217
2021-08-23,0.6401165313332919,0.668683579550085,-0.044010118,0.6246734619000529,0.6290744751551722
2021-08-24,0.6518936341659951,0.6692116543412794,-0.037191615,0.6320200398326505,0.6357392020285715
2021-08-25,0.6569763838095828,0.6697397291324734,-0.026367348,0.6433723814449905,0.6460091177038549
2021-08-26,0.6511498171449823,0.6702678039236676,-0.019058472,0.6512093323780905,0.6531151797189128
2021-08-27,0.6593318043761234,0.670795878714862,-0.019808037,0.6509878415083314,0.652968645415249
2021-08-30,0.6622450877084236,0.6723801030884446,-0.016405528,0.6559745746771755,0.6576151282633604
2021-08-31,0.6578441703340978,0.6729081778796389,-0.0136595955,0.6592485823677852,0.6606145420121028
2021-09-01,0.6584020330998575,0.6734362526708328,-0.015464247,0.6579720054664695,0.6595184302800381
2021-09-02,0.667079898345007,0.6739643274620273,-0.016656263,0.6573080646619298,0.6589736913144686
2021-09-03,0.6627409657224322,0.6744924022532215,-0.012412792,0.6620796101815214,0.663320889947485
2021-09-07,0.6569143990578317,0.6766047014179986,-0.01290534,0.6636993617075841,0.6649898963305514
2021-09-08,0.6628029504741833,0.6771327762091925,-0.018165529,0.6589672474349311,0.6607838014299443
2021-09-09,0.6556127192710592,0.6776608510003868,-0.017746786,0.659914065344769,0.6616887452141824
2021-09-10,0.6654063100477282,0.6781889257915812,-0.021337828,0.6568510981239872,0.6589848810770111
2021-09-13,0.6699311969255562,0.6797731501651638,-0.018141486,0.6616316644144886,0.6634458137346142
2021-09-14,0.6699931816773073,0.680301224956358,-0.014380678,0.6659205473531729,0.6673586155791527
2021-09-15,0.6833199033037872,0.6808292997475522,-0.01311247,0.667716830171253,0.6690280774082797
2021-09-16,0.6830719642967829,0.6813573745387465,-0.0054742405,0.6758831340196401,0.6764305579784184
2021-09-17,0.6793528791917188,0.6818854493299407,-0.0020067652,0.6798786841077638,0.6800793607231137
2021-09-20,0.6689394408975392,0.6834696737035233,-0.0034415147,0.6800281590233612,0.6803723106543589
2021-09-21,0.670613029194818,0.6839977484947177,-0.011202849,0.6727948990469905,0.6739151841780278
2021-09-22,0.6809644827372466,0.6845258232859117,-0.014457665,0.670068157902096,0.6715139244404775
2021-09-23,0.687596851174611,0.6850538980771059,-0.009774845,0.6752790529836172,0.6762565374929661
2021-09-24,0.6918118142936838,0.6855819728683004,-0.0036995795,0.6818823933593252,0.6822523514732042
2021-09-27,0.7009235728010909,0.687166197241883,0.0009931271,0.6881593243616104,0.6880600116147131
2021-09-28,0.6999318167730738,0.687694272033077,0.007199204,0.6948934760942573,0.6941735553621764
2021-09-29,0.6970805181925246,0.6882223468242714,0.009182755,0.6974051017283032,0.6964868260516355
2021-09-30,0.698320213227546,0.6887504216154656,0.0076884003,0.6964388219510755,0.6956699816381178
2021-10-01,0.7035889171263868,0.6892784964066598,0.007187895,0.6964663914178166,0.6957476017770026
2021-10-04,0.714374263931073,0.6908627207802425,0.009785925,0.7006486458184014,0.6996700530351887
2021-10-05,0.722494266410463,0.6913907955714367,0.016381467,0.7077722623326681,0.7061341152840159
2021-10-06,0.7131965536478027,0.6919188703626309,0.023842053,0.7157609238505278,0.7133767175704155
2021-10-07,0.7185892270501456,0.6924469451538253,0.021466527,0.7139134722880054,0.7117668184570003
2021-10-08,0.7250976259840078,0.6929750199450195,0.022286711,0.7152617312056959,0.7130330595208347
2021-10-11,0.732349841938883,0.6945592443186022,0.026526915,0.7210861592280842,0.7184334675508715
2021-10-12,0.7330936589598958,0.6950873191097962,0.03177462,0.7268619405666576,0.7236844784209715
2021-10-13,0.7318539639248745,0.6956153939009906,0.034162674,0.7297780680001975,0.7263617998452188
2021-10-14,0.7372466373272175,0.6961434686921848,0.03390289,0.7300463596724285,0.726656069829346
2021-10-15,0.7432591582470712,0.696671543483379,0.036372162,0.7330437058850552,0.7294064888998295
2021-10-18,0.7442509142750883,0.6982557678569619,0.04084295,0.7390987182010476,0.7350144216765229
2021-10-19,0.7474741213661439,0.6987838426481559,0.042522196,0.7413060383747889,0.7370538169394805
2021-10-20,0.7531147337754912,0.6993119174393501,0.04448564,0.7437975572201099,0.7393489906343307
2021-10-21,0.7446228227855947,0.6998399922305445,0.048336964,0.7481769563311438,0.7433432580584387
2021-10-22,0.7524329015062294,0.7003680670217387,0.044992972,0.7453610391870849,0.7408617415980212
2021-10-25,0.752122977747474,0.7019522913953213,0.04698394,0.7489362300595193,0.7442378343304543
2021-10-26,0.7579495444120746,0.7024803661865153,0.04736804,0.7498484046322265,0.7451116011601844
2021-10-27,0.7456145788136118,0.7030084409777098,0.050268408,0.753276848888772,0.7482500054899626
2021-10-28,0.7465443500898779,0.703536515768904,0.044459503,0.7479960189129298,0.7435500674809401
2021-10-29,0.751255191222959,0.7040645905600984,0.041285444,0.7453500346111257,0.7412214890884359
2021-11-01,0.7542304593070104,0.705648814933681,0.042710308,0.7483591229192252,0.7440880924931998
2021-11-02,0.7533626727824955,0.706176889724875,0.04444103,0.7506179191543108,0.7461738154663091
2021-11-03,0.7344573234984193,0.7067049645160692,0.0443338,0.751038765189554,0.7466053828870314
2021-11-04,0.7217504493894501,0.7072330393072637,0.033129912,0.740362951177028,0.7370499592449935
2021-11-05,0.7369986983202131,0.7077611140984577,0.01974615,0.727507264919905,0.7255326487201732
2021-11-08,0.7410896919357838,0.7093453384720405,0.022325959,0.7316712975286563,0.7294387012504657
2021-11-09,0.7548503068245211,0.7098734132632347,0.026302233,0.7361756466015907,0.733545422150168
2021-11-10,0.7374325915824707,0.7104014880544289,0.035426106,0.7458275943583592,0.742284981120263
2021-11-11,0.7389822103762475,0.7109295628456231,0.029697413,0.7406269754705783,0.7376572336492893
2021-11-12,0.7340234302361619,0.7114576376368174,0.026357105,0.7378147426386246,0.7351790308345922
2021-11-15,0.7345812930019214,0.7130418620104002,0.022337144,0.7353790062511372,0.7331452905232119
2021-11-16,0.7338374759809086,0.7135699368015942,0.019838009,0.733407945831221,0.7314241449282584
2021-11-17,0.718961135560652,0.7140980115927884,0.018176736,0.7322747479029128,0.7304570744581649
2021-11-18,0.7229901444244715,0.7146260863839828,0.008793458,0.723419544726535,0.7225401983334863
2021-11-19,0.7049525816649104,0.7151541611751768,0.0059735957,0.7211277568353567,0.7205303972227726
2021-11-22,0.7089815905287299,0.7167383855487597,-0.004945629,0.7117927567380857,0.7122873197588515
2021-11-23,0.719828922085167,0.7172664603399539,-0.009222106,0.7080443542631769,0.7089665647777224
2021-11-24,0.7191470898159052,0.7177945351311481,-0.0043605953,0.7134339398787832,0.7138699995437181
2021-11-26,0.6556747040228104,0.7188506847135365,-0.00224929,0.7166013947110266,0.7168263237811268
2021-11-29,0.6668319593380028,0.7204349090871194,-0.037321884,0.6831130249020436,0.6868452144381383
2021-11-30,0.6434637079278498,0.7209629838783134,-0.051209792,0.6697531913835395,0.6748741728681911
2021-12-01,0.6396826380710344,0.7214910586695078,-0.067786,0.6537050580005053,0.6604836595575216
2021-12-02,0.6454472199838839,0.722019133460702,-0.0782082,0.6438109328271762,0.6516317551257029
2021-12-03,0.6439595859418583,0.722547208251896,-0.079000406,0.6435468022846604,0.6514468466066743
2021-12-06,0.6639806607574535,0.7241314326254786,-0.079566084,0.6445653487770022,0.6525219579069079
2021-12-07,0.6798487572057273,0.7246595074166731,-0.06939035,0.6552691583265737,0.6622081932355837
2021-12-08,0.6817702845100104,0.7251875822078673,-0.055215053,0.6699725289475409,0.6754940350186316
2021-12-09,0.6729684497613586,0.7257156569990615,-0.04814732,0.677568336251686,0.6823830690714816
2021-12-10,0.6774933366391868,0.7262437317902557,-0.05100945,0.6752342816824428,0.6803352285558693
2021-12-13,0.6751379160726461,0.7278279561638383,-0.05075394,0.6770740162670164,0.6821494113742856
2021-12-14,0.6716667699745862,0.7283560309550325,-0.05242091,0.6759351205071966,0.6811772111794512
2021-12-15,0.6725345564991012,0.728884105746227,-0.05570647,0.6731776345414693,0.6787482846421773
2021-12-16,0.6818942540135126,0.7294121805374212,-0.05707646,0.6723357189242429,0.6780433665756769
2021-12-17,0.6724725717473501,0.7299402553286152,-0.052483656,0.6774565998162823,0.6827049676026897
2021-12-20,0.6561705820368189,0.7315244797021978,-0.055616077,0.6759084026665323,0.6814700114876859
2021-12-21,0.6740841752928779,0.7320525544933922,-0.067790315,0.6642622399382241,0.6710412736289151
2021-12-22,0.6842496745800533,0.7325806292845864,-0.0639472,0.66863342850944,0.6750281500770707
2021-12-23,0.6906341040104135,0.7331087040757809,-0.055210613,0.6778980913614903,0.6834191541230354
2021-12-27,0.7016673898221036,0.7352210032405575,-0.048063885,0.6871571178199967,0.6919635059895237
2021-12-28,0.7042087646438976,0.7357490780317517,-0.040126413,0.6956226649248334,0.6996353054904672
2021-12-29,0.7078038802454596,0.7362771528229461,-0.035448495,0.7008286575243221,0.7043735096618877
2021-12-30,0.7104692245707555,0.7368052276141404,-0.032027304,0.7047779234416245,0.7079806542314051
2021-12-31,0.6994359387590652,0.7373333024053343,-0.029426677,0.7079066252528199,0.7108492935268649
2022-01-03,0.7048286121614082,0.7389175267789172,-0.034924656,0.703992870626192,0.7074853377315806
2022-01-04,0.7104692245707555,0.7394456015701114,-0.035953104,0.7034924970741092,0.7070878082687675
2022-01-05,0.7157999132213475,0.7399736763613056,-0.032971602,0.7070020744280647,0.7102992357389759
2022-01-06,0.7257794582532696,0.7405017511525,-0.028750038,0.7117517133780564,0.7146267173417653
2022-01-07,0.7223083121552097,0.741029825943694,-0.021536035,0.7194937904804801,0.721647393840537
2022-01-10,0.7181553337878881,0.7426140503172767,-0.020454686,0.722159364182223,0.7242048335407865
2022-01-11,0.7366887745614579,0.7431421251084709,-0.023857992,0.719284132966032,0.721669933670392
2022-01-12,0.7454906093101097,0.7436701998996653,-0.015365688,0.7283045117694058,0.7298410813274898
2022-01-13,0.7422674022190541,0.7441982746908593,-0.005899434,0.7382988407129574,0.7388887842038798
2022-01-14,0.7528048100167358,0.7447263494820537,-0.0041653607,0.7405609887779894,0.7409775248949619
2022-01-18,0.762784355048658,0.7468386486468306,0.0015751864,0.7484138350298097,0.7482563163682288
2022-01-19,0.7722680220665715,0.7473667234380248,0.009036193,0.7564029161084893,0.7554992966551783
2022-01-20,0.7718961135560652,0.747894798229219,0.017376907,0.7652717053990379,0.7635340139369979
2022-01-21,0.760986797247877,0.7484228730204132,0.020461243,0.7688841156663921,0.7668379906567362
2022-01-24,0.7496435876774313,0.7500070973939958,0.014777411,0.7647845081694189,0.763306766533083
2022-01-25,0.7638380958284261,0.7505351721851903,0.004240738,0.7547759104131537,0.7543518364040929
2022-01-26,0.7746854273848632,0.7510632469763845,0.00709055,0.7581537968924135,0.7574447419008106
2022-01-27,0.7700985557552842,0.7515913217675785,0.015441108,0.7670324293312529,0.7654883179229597
2022-01-28,0.7714002355420566,0.7521193965587729,0.0162925,0.7684118959370965,0.7667826458129996
2022-01-31,0.7796442075249489,0.7537036209323555,0.016352063,0.7700556839772612,0.7684204771139771
2022-02-01,0.7799541312837042,0.7542316957235498,0.02029445,0.7745261459469956,0.7724967009246511
2022-02-02,0.7803260397942107,0.754759770514744,0.022206247,0.7769660173676187,0.7747453923098022
2022-02-03,0.7927849748961755,0.7552878453059382,0.02265875,0.7779465957207865,0.7756807195617146
2022-02-04,0.8054298642533937,0.7558159200971324,0.02959634,0.7854122600083548,0.7824526248996455
2022-02-07,0.7992933738300377,0.757400144470715,0.040134855,0.7975349990854497,0.7935215128789181
2022-02-08,0.7871443624868282,0.7579282192619095,0.040432334,0.7983605532081375,0.7943173205585727
2022-02-09,0.7890039050393602,0.7584562940531037,0.032365937,0.79082223083904,0.7875856371604464
2022-02-10,0.7903675695778838,0.7589843688442977,0.02901851,0.7880028789773257,0.7851010268464358
2022-02-11,0.810326659641728,0.7595124436354921,0.028559892,0.7880723351425216,0.7852163450604961
2022-02-14,0.8249550610549804,0.7610966680090747,0.039627604,0.8007242721956096,0.7967615095417819
2022-02-15,0.8039422302113679,0.7616247428002689,0.052853327,0.8144780700447891,0.80919273620275
2022-02-16,0.813797805739788,0.7621528175914634,0.04628786,0.8084406783128131,0.8038118896329749
2022-02-17,0.8020207029070848,0.7626808923826573,0.046920016,0.809600908790624,0.8049089056597112
2022-02-18,0.797743755036261,0.7632089671738516,0.04122119,0.804430157417811,0.800308038020886
2022-02-22,0.8056778032603978,0.7653212663386286,0.035152376,0.8004736420367182,0.7969584022317351
2022-02-23,0.8041281844666212,0.7658493411298228,0.03590596,0.801755302077098,0.7981647033746673
2022-02-24,0.8085291018409471,0.766377415921017,0.035627916,0.8020053323762859,0.7984425392406429
2022-02-25,0.8009669621273167,0.7669054907122113,0.037484925,0.8043904159524895,0.8006419208207585
2022-02-28,0.8265666646005082,0.7684897150857939,0.03393527,0.8024249862893118,0.79903145916896
2022-03-01,0.8742329386970804,0.7690177898769881,0.045705594,0.8147233839993979,0.810152825332215
2022-03-02,0.9187999752060992,0.7695458646681825,0.07982731,0.8493731733229677,0.8413904424574892
2022-03-03,0.900638442943036,0.7700739394593765,0.12176465,0.8918385918903877,0.8796621229219963
2022-03-04,0.9502882290956425,0.7706020142505707,0.12911496,0.8997169699142518,0.8868054713676514
2022-03-07,0.9733465567470402,0.7721862386241536,0.15803973,0.930225972391663,0.9144219945445637
2022-03-08,1.0,0.7727143134153478,0.1855007,0.9582150097168081,0.9396649415767782
2022-03-09,0.9070228723733961,0.773242388206542,0.21192789,0.9851702789841299,0.9639774899063711
2022-03-10,0.8904109589041095,0.7737704629977362,0.17088595,0.9446564133246558,0.9275678212721961
2022-03-11,0.9109279117337135,0.7742985377889304,0.1354505,0.9097490350585609,0.8962039838414817
2022-03-14,0.8717535486270377,0.7758827621625131,0.13273565,0.9086184168742364,0.8953448499129479
2022-03-15,0.8310295667265852,0.7764108369537073,0.11046468,0.8868755141683298,0.8758290449567514
2022-03-16,0.8223517014814355,0.7769389117449017,0.07464704,0.8515859509199353,0.8441212440221997
2022-03-17,0.8715675943717845,0.7774669865360957,0.052596144,0.830063130914281,0.8248035164764624
2022-03-18,0.8822289716729684,0.7779950613272899,0.072812356,0.8508074173820728,0.8435261810315364
2022-03-21,0.9282216574722618,0.7795792857008728,0.090590425,0.8701697105365547,0.8611106687980445
2022-03-22,0.9259902064092234,0.780107360492067,0.12345269,0.9035600537160202,0.8912147843936249
2022-03-23,0.9456393727143123,0.780635435283261,0.13756126,0.9181966969371611,0.9044405707717711
2022-03-24,0.9295853220107854,0.7811635100744554,0.15307908,0.9342425876758882,0.9189346694849321
2022-03-25,0.9392549432839521,0.7816915848656496,0.15088362,0.9325751998825869,0.9174868354006609
2022-03-28,0.8900390503936031,0.7832758092392322,0.15347064,0.9367464446533558,0.9213993811119434
2022-03-29,0.8793776730924192,0.7838038840304264,0.12648329,0.9102871754179844,0.8976388462792286
2022-03-30,0.901568214219302,0.7843319588216207,0.10485234,0.8891842999370954,0.8786990606101415
2022-03-31,0.8548317113989958,0.7848600336128149,0.10877793,0.8936379664355192,0.8827601709180746
2022-04-01,0.8485712514721377,0.7853881084040093,0.08561381,0.8710019179299759,0.8624405377224373
2022-04-04,0.8734271369243166,0.7869723327775919,0.06829323,0.8552655615230524,0.8484362364133322
2022-04-05,0.8652451496931753,0.7875004075687861,0.07535673,0.8628571368974185,0.8553214632194972
2022-04-06,0.8297278869398128,0.7880284823599801,0.075373106,0.8634015880647645,0.8558642752591119
2022-04-07,0.8284881919047914,0.7885565571511746,0.05400756,0.8425641171658993,0.8371633589292526
2022-04-08,0.8423107915452799,0.7890846319423688,0.041836422,0.8309210538791192,0.8267374113129151
2022-04-11,0.8177028451001054,0.7906688563159514,0.045500055,0.8361689112714339,0.8316189050308276
2022-04-12,0.85681522345503,0.7911969311071458,0.033428773,0.8246257043911043,0.8212828263176504
2022-04-13,0.8794396578441703,0.7917250058983398,0.04872178,0.8404467850361896,0.8355746045147014
2022-04-14,0.896175540816959,0.792253080689534,0.07091384,0.8631669170495118,0.8560755289431656
2022-04-18,0.9039856195375937,0.7943653798543111,0.08988727,0.8842526486955777,0.8752639180861608
2022-04-19,0.8689642347982396,0.7948934546455053,0.10111064,0.8960040918334631,0.8858930281146673
2022-04-20,0.8701419450815099,0.7954215294366995,0.08527813,0.8806996605044524,0.8721718451625029
2022-04-21,0.8765883592636211,0.7959496042278937,0.07620025,0.8721498510388068,0.8645298218873672
2022-04-22,0.8659269819624371,0.796477679019088,0.076654635,0.8731323143888656,0.8654668515969459
2022-04-25,0.8440463645943098,0.7980619033926706,0.070938386,0.8690002894157152,0.8619064500683526
2022-04-26,0.8636335461476476,0.798589978183865,0.054333024,0.8529230019108052,0.8474896995381112
2022-04-27,0.8656170582036818,0.799118052975059,0.057096884,0.8562149366296534,0.8505052475191359
2022-04-28,0.886319965288539,0.7996461277662532,0.0610466,0.8606927281080501,0.8545880650936382
2022-04-29,0.8821669869212173,0.8001742025574476,0.07410243,0.8742766340931685,0.8668663909395964
2022-05-02,0.8851422550052687,0.8017584269310303,0.07792682,0.8796852489377327,0.8718925674821205
2022-05-03,0.8680344635219736,0.8022865017222245,0.07945096,0.8817374591993172,0.8737923612164338
2022-05-04,0.901506229467551,0.8028145765134187,0.070103996,0.8729185720154138,0.8659081717201562
2022-05-05,0.9042955432963491,0.8033426513046129,0.084098555,0.8874412064522608,0.8790313487023218
2022-05-06,0.9136552408107604,0.8038707260958071,0.09359254,0.8974632655254717,0.8881040100923892
2022-05-09,0.8722494266410463,0.8054549504693898,0.10187486,0.9073298086103352,0.8971423168357762
2022-05-10,0.8516085043079402,0.8059830252605842,0.08121544,0.8871984664875434,0.8790769238549636
2022-05-11,0.8884894315998264,0.8065111000517782,0.057311174,0.863822273580211,0.8580911565998968
2022-05-12,0.8910927911733713,0.8070391748429726,0.06800027,0.8750394467593621,0.868239417332549
2022-05-13,0.9181181429368375,0.8075672496341668,0.07662955,0.8841967988990747,0.8765338395022355
2022-05-16,0.9411144858364842,0.8091514740077494,0.09481634,0.9039678160039424,0.8944861773339747
2022-05-17,0.9299572305212918,0.8096795487989437,0.11616602,0.9258455667485248,0.9142289642085086
2022-05-18,0.9125395152792413,0.8102076235901379,0.118813135,0.9290207583200001,0.9171394441019558
2022-05-19,0.9287795202380213,0.8107356983813321,0.10805174,0.9187874380144154,0.907982263306049
2022-05-20,0.9351019649166304,0.8112637731725263,0.11150217,0.9227659437352704,0.9116157251888799
2022-05-23,0.9168784479018162,0.8128479975461091,0.117699824,0.9305478218196954,0.9187778341769304
2022-05-24,0.9136552408107604,0.8133760723373034,0.10886732,0.922243389775429,0.911356653561268
2022-05-25,0.9171263869088203,0.8139041471284973,0.101386756,0.9152909028333771,0.9051522272628891
2022-05-26,0.9404326535672224,0.8144322219196918,0.10020576,0.9146379786435725,0.9046174022261264
2022-05-27,0.9465071592388271,0.814960296710886,0.1133534,0.9283136981333866,0.9169783550109043
2022-05-31,0.9440277691687844,0.8170725958756626,0.123343825,0.9404164212159336,0.9280820371917904
2022-06-01,0.9476848695220975,0.817600670666857,0.12454099,0.9421416627480224,0.9296875627948478
2022-06-02,0.9576644145540196,0.8181287454580513,0.12624617,0.9443749146675315,0.9317502932762352
2022-06-03,0.9700613649042336,0.8186568202492457,0.13268459,0.9513414086815577,0.9380729453679781
2022-06-06,0.967767929089444,0.8202410446228283,0.14271748,0.9629585252823132,0.9486867742361325
2022-06-07,0.9734085414987912,0.8207691194140223,0.14503542,0.965804535301855,0.9513009966933039
2022-06-08,0.9901444244715799,0.8212971942052165,0.14825614,0.9695533321723262,0.9547277198657314
2022-06-09,0.9864253393665158,0.821825268996411,0.15932666,0.9811519266492659,0.9652192623740965
2022-06-10,0.981218620219426,0.8223533437876052,0.16228613,0.9846394763616866,0.9684108601240462
2022-06-13,0.9828302237649538,0.8239375681611878,0.15937307,0.9833106429311615,0.9673733294936997
2022-06-14,0.97043327341474,0.824465642952382,0.1577407,0.9822063402170533,0.9664322690004701
2022-06-15,0.9479947932808529,0.8249937177435762,0.1497358,0.9747295112149126,0.9597559303776628
2022-06-16,0.9621273166800967,0.8255217925347704,0.1323815,0.9579032913483996,0.9446651369966883
2022-06-17,0.912353561023988,0.8260498673259649,0.13173765,0.9577875167667302,0.9446137503325376
2022-06-21,0.9191098989648546,0.8281621664907415,0.104580455,0.9327426210190732,0.9222845763112981
2022-06-22,0.8914646996838776,0.8286902412819357,0.09211347,0.9208037138032408,0.9115923672961683
2022-06-23,0.8795636273476723,0.8292183160731301,0.0725798,0.9017981171557412,0.8945401340672479
2022-06-24,0.9003285191842807,0.8297463908643243,0.055832528,0.8855789184422014,0.8799956656844137
2022-06-27,0.912415545775739,0.831330615237907,0.060638748,0.8919693633472476,0.8859054885363136
2022-06-28,0.9259902064092234,0.8318586900291012,0.07069887,0.9025575622376965,0.895487676506953
2022-06-29,0.9137172255625116,0.8323867648202954,0.08275051,0.9151372715193806,0.9068622171241818
2022-06-30,0.8887993553585818,0.8329148396114896,0.08093484,0.9138496770720075,0.9057561933259557
2022-07-01,0.9053492840761173,0.8334429144026838,0.06456078,0.8980036928417288,0.891547612017592
2022-07-05,0.8499969007624124,0.8355552135674607,0.06550906,0.9010642721025597,0.8945133640138756
2022-07-06,0.8439843798425587,0.8360832883586551,0.035491157,0.8715744456817771,0.8680253280868198
2022-07-07,0.8700179755780078,0.8366113631498493,0.014924768,0.8515361315083183,0.8500436544862069
2022-07-08,0.8827868344387281,0.8371394379410433,0.022142496,0.8592819339010405,0.8570676846775698
2022-07-11,0.8784479018161532,0.8387236623146261,0.034445997,0.8731696596421923,0.8697250587918486
2022-07-12,0.8273104816215211,0.8392517371058204,0.036341835,0.8755935719191767,0.871959387320254
2022-07-13,0.8301617802020702,0.8397798118970146,0.0075102556,0.8472900674535682,0.8465390419444789
2022-07-14,0.8269385731110147,0.8403078866882088,-0.0066852723,0.8336226143633785,0.8342911419218244
2022-07-15,0.8381578131779582,0.840835961479403,-0.012998872,0.8278370890428199,0.829136976938404
2022-07-18,0.8692121738052438,0.8424201858529858,-0.009327996,0.8330921902621202,0.834024989914339
2022-07-19,0.8792537035889171,0.8429482606441798,0.010056849,0.8530051092819395,0.8519994243250313
2022-07-20,0.8671046922457075,0.8434763354353743,0.025070217,0.8685465519420938,0.8660395302914219
2022-07-21,0.8304717039608256,0.8440044102265685,0.023744792,0.867749201972708,0.865374722425565
2022-07-22,0.8202442199218992,0.8445324850177625,0.0010540724,0.8455865574211114,0.8454811501574935
2022-07-25,0.832641170272113,0.8461167093913453,-0.016754027,0.8293626819353002,0.8310380846809047
2022-07-26,0.8219797929709292,0.8466447841825395,-0.017594947,0.8290498376341968,0.8308093332203537
2022-07-27,0.8361123163701729,0.8471728589737337,-0.022961278,0.8242115814590376,0.8265077088379782
2022-07-28,0.8309055972230831,0.8477009337649282,-0.01830011,0.8294008232906993,0.8312308348969157
2022-07-29,0.8445422426083183,0.8482290085561222,-0.018431008,0.8297980006940311,0.8316411011077112
2022-08-01,0.8152234550300625,0.849813232929705,-0.011596502,0.8382167311248168,0.8393763813984378
2022-08-02,0.8185086468728693,0.850341307720899,-0.025189824,0.8251514833185667,0.827670466876387
2022-08-03,0.7952023802144672,0.8508693825120934,-0.031654216,0.8192151661629685,0.82238058817041
2022-08-04,0.7820616128432406,0.8513974573032876,-0.046683755,0.8047137025313398,0.8093820798711797
2022-08-05,0.7849748961755408,0.8519255320944816,-0.06189328,0.7900322514989406,0.7962215791859657
2022-08-08,0.795822227731978,0.8535097564680645,-0.06697172,0.7865380372030804,0.793235211364753
2022-08-09,0.79421062418645,0.8540378312592587,-0.06294284,0.7910949911003193,0.7973892751162133
2022-08-10,0.803074443686853,0.8545659060504529,-0.061719492,0.7928464139726255,0.7990183631804082
2022-08-11,0.8180127688588607,0.8550939808416473,-0.056806333,0.7982876474785912,0.803968283050071
2022-08-12,0.8040661997148701,0.8556220556328413,-0.046006195,0.809615860385668,0.8142164821455595
2022-08-15,0.7874542862455836,0.857206280006424,-0.049026486,0.8081797944739018,0.8130824441447411
2022-08-16,0.7696026777412757,0.8577343547976182,-0.061873343,0.7958610119557545,0.8020483466124699
2022-08-17,0.7793962685179445,0.8582624295888126,-0.07833193,0.7799304971633136,0.7877636948762119
2022-08-18,0.79421062418645,0.8587905043800068,-0.08048563,0.7783048773248387,0.7863534415204716
2022-08-19,0.795884212483729,0.859318579171201,-0.07196237,0.787356207702657,0.7945524478297437
2022-08-22,0.7925370358891712,0.8609028035447837,-0.06698944,0.79391336679914,0.8006123104737044
2022-08-23,0.8142936837537965,0.8614308783359779,-0.06807934,0.7933515408582938,0.8001594753511203
2022-08-24,0.8214219302051695,0.8619589531271721,-0.05691436,0.8050445937960411,0.8107360327093864
2022-08-25,0.806731544040166,0.8624870279183665,-0.04717241,0.8153146193673888,0.8200318613400737
2022-08-26,0.8100787206347239,0.8630151027095605,-0.051943902,0.8110712007832814,0.8162655928385545
2022-08-29,0.8345626975763962,0.8645993270831431,-0.053753205,0.8108461224394168,0.8162214443939055
2022-08-30,0.801276885886072,0.8651274018743376,-0.040948987,0.8241784148671965,0.8282733135679106
2022-08-31,0.7883220727700985,0.8656554766655318,-0.053229284,0.8124261931240908,0.817749122595822
2022-09-01,0.7700985557552842,0.866183551456726,-0.06885194,0.7973316111228828,0.8042168081364993
2022-09-02,0.771710159300812,0.8667116262479202,-0.08587214,0.7808394827409164,0.7894267015619651
2022-09-06,0.771772144052563,0.868823925412697,-0.0928174,0.7760065220365946,0.7852882616291468
2022-09-07,0.7411516766875348,0.8693520002038913,-0.09598254,0.7733694635303454,0.7829677186878161
2022-09-08,0.751069236967706,0.8698800749950855,-0.114319034,0.7555610410743205,0.766992943721339
2022-09-09,0.7712142812868035,0.8704081497862797,-0.11854898,0.7518591679409008,0.763714069850729
2022-09-12,0.7773507717101593,0.8719923741598623,-0.10755846,0.7644339151163595,0.7751897669811743
2022-09-13,0.774437488377859,0.8725204489510567,-0.0991803,0.773340145437053,0.7832581795137437
2022-09-14,0.7816897043327341,0.873048523742251,-0.097962774,0.7750857494059129,0.7848820260944886
2022-09-15,0.7607388582408727,0.8735765985334449,-0.094180524,0.7793960741842323,0.7888141295993858
2022-09-16,0.7608008429926237,0.8741046733246394,-0.10407155,0.7700331232533999,0.780440280495698
2022-09-19,0.7646438976011901,0.875688897698222,-0.110010765,0.7656781322053059,0.7766792124798878
2022-09-20,0.7567098493770532,0.8762169724894162,-0.11066035,0.7655566206765767,0.7766226551128026
2022-09-21,0.7473501518626418,0.8767450472806106,-0.115266435,0.7614786124323021,0.773005256662191
2022-09-22,0.7507593132089505,0.8772731220718046,-0.123199254,0.7540738677974363,0.7663937976952215
2022-09-23,0.7213165561271926,0.8778011968629988,-0.12521556,0.7525856366651686,0.7651071941750678
2022-09-26,0.7087336515217255,0.8793854212365815,-0.14187923,0.7375061904988953,0.7516941225133607
2022-09-27,0.719828922085167,0.8799134960277759,-0.15842707,0.7214864214761936,0.7373291274412357
2022-09-28,0.7424533564743073,0.8804415708189701,-0.15936166,0.7210799103384709,0.7370160763865208
2022-09-29,0.736750759313209,0.8809696456101641,-0.14587137,0.7350982745793566,0.7496854087022051
2022-09-30,0.7259654125085228,0.8814977204013585,-0.1425418,0.7389559244323491,0.7532101070094823
2022-10-03,0.7516270997334655,0.8830819447749412,-0.14849593,0.7345860173219001,0.749435620498017
2022-10-04,0.7695406929895245,0.8836100195661354,-0.13820127,0.7454087530389595,0.7592288796916771
2022-10-05,0.7772268022066572,0.8841380943573298,-0.1223701,0.7617679928458514,0.7740050052321734
2022-10-06,0.781503750077481,0.8846661691485238,-0.11150542,0.7731607501326394,0.7843112965045762
2022-10-07,0.8074753610611789,0.885194243939718,-0.10534081,0.7798534353097284,0.7903875206430757
2022-10-10,0.7981156635467674,0.8867784683133006,-0.088673115,0.7981053535366893,0.8069726694846988
2022-10-11,0.787082377735077,0.8873065431044951,-0.08678988,0.800516659431304,0.8091956470535651
2022-10-12,0.7741895493708547,0.8878346178956893,-0.09411707,0.7937175501414206,0.8031292576619056
2022-10-13,0.7855947436930515,0.8883626926868835,-0.10539107,0.782971622440187,0.7935107294648567
2022-10-14,0.7639000805801772,0.8888907674780777,-0.10449398,0.7843967843881539,0.7948461864224365
2022-10-17,0.7629703093039112,0.8904749918516603,-0.11530489,0.7751701045568911,0.786700593286368
2022-10-18,0.7466063348416289,0.8910030666428546,-0.12281394,0.7681891265946368,0.7804705220895747
2022-10-19,0.7635281720696708,0.891531141434049,-0.1347851,0.7567460406163686,0.7702245506981367
2022-10-20,0.7661935163949668,0.892059216225243,-0.13131051,0.7607487085700992,0.7738797608257297
2022-10-21,0.760986797247877,0.8925872910164372,-0.12705557,0.7655317205332295,0.7782372775815503
2022-10-24,0.7575156511498171,0.89417151539002,-0.12861376,0.7655577602830941,0.7784191387740189
2022-10-25,0.7621025227793962,0.8946995901812143,-0.13256703,0.7621325570095605,0.7753892633069581
2022-10-26,0.7781565734829231,0.8952276649724085,-0.13206686,0.7631608041773874,0.7763674947272379
2022-10-27,0.7803260397942107,0.8957557397636027,-0.12266859,0.7730871530922503,0.7853540125044436
2022-10-28,0.7780945887311721,0.8962838145547969,-0.11701889,0.7792649211937053,0.7909668105298144
